species_id,fish_name,legacy_bof4_effect,fishing_effect_id,fishing_effect_name,fishing_effect_description,duration_seconds,stacking_group
acheron,Acheron,"Poisons everyone, allies and enemies.",toxic_frenzy,Toxic Frenzy,"For 5 minutes, greatly increases bites and specimen-quality odds, but fish pressure rises and the line becomes less forgiving.",300.0,"&""activity"
angelfish,Angelfish,Revives one KO'd ally.,second_wind,Second Wind,"For 5 minutes, strongly increases sustained-slack forgiveness and slightly improves line safety.",300.0,"&""safety"
angler,Angler,Casts a major Wind/Water attack on all enemies.,storm_chaser,Storm Chaser,"For 5 minutes, strongly increases fish activity and specimen-quality odds, but hooked fish fight harder.",300.0,"&""activity"
barandy,Barandy,Restores one ally to full HP.,perfect_form,Perfect Form,"For 5 minutes, strongly improves line safety, hook security and counter-steering.",300.0,"&""safety"
bass,Bass,Restores 500 HP to one ally.,steady_hands_iii,Steady Hands III,"For 5 minutes, improves hook-off forgiveness and line safety.",300.0,"&""safety"
black_bass,Black Bass,Restores 1200 HP to one ally.,steady_hands_iv,Steady Hands IV,"For 5 minutes, strongly improves hook-off forgiveness and line safety.",300.0,"&""safety"
black_porgy,Black Porgy,Restores 100 AP to one ally.,focus_iv,Fishing Focus IV,"For 5 minutes, strongly increases bite activity and specimen-quality odds.",300.0,"&""focus"
blowfish,Blowfish,Cures Poison.,cleanse_minor,Clear Head,Removes harmful session effects and grants a short hook-security bonus.,180.0,"&""cleanse"
blue_gill,Blue Gill,Casts a minor Water attack on one enemy.,active_water_i,Active Water,"For 5 minutes, fish bite more often and specimen quality improves slightly, but fights gain a little pressure.",300.0,"&""activity"
bonito,Bonito,Restores one ally to full HP.,perfect_form,Perfect Form,"For 5 minutes, strongly improves line safety, hook security and counter-steering.",300.0,"&""safety"
browntail,Browntail,Temporarily raises one ally's defense.,line_guard,Line Guard,"For 5 minutes, greatly improves line-break tolerance and slightly improves hook security.",300.0,"&""safety"
bullcat,Bullcat,Casts a minor Fire/Earth attack on all enemies.,active_water_ii,Hot Water,"For 5 minutes, increases bites and specimen-quality odds at the cost of stronger fish pressure.",300.0,"&""activity"
dorado,Dorado,Restores 800 HP to all allies.,group_recovery,Shared Rhythm,"For 7 minutes, improves line safety and hook security.",420.0,"&""safety"
flatfish,Flatfish,Cures all status ailments on one ally.,cleanse_all,Clean Slate,Removes harmful session effects and grants 5 minutes of extra line and hook safety.,300.0,"&""cleanse"
flying_fish,Flying Fish,Restores 100 HP to one ally.,steady_hands_ii,Steady Hands II,"For 5 minutes, gives a modest increase to hook-off forgiveness and line safety.",300.0,"&""safety"
jellyfish,Jellyfish,Restores 50 HP to one ally.,steady_hands_i,Steady Hands I,"For 5 minutes, gives a small increase to hook-off forgiveness and line safety.",300.0,"&""safety"
man_o_war,Man-o'-War,Restores 50 HP to one ally.,steady_hands_i,Steady Hands I,"For 5 minutes, gives a small increase to hook-off forgiveness and line safety.",300.0,"&""safety"
martian_squid,Martian Squid,Nullifies positive status effects.,dispel_positive,Dispel,Immediately removes all positive fishing-session modifiers.,0.0,"&""dispel"
moorfish,Moorfish,Revives one KO'd ally with 1 HP; may fail.,second_wind,Second Wind,"For 5 minutes, strongly increases sustained-slack forgiveness and slightly improves line safety.",300.0,"&""safety"
octopus,Octopus,Blinds all enemies.,calm_water,Calm Water,"For 5 minutes, hooked fish create much less pressure, but bites are slightly less frequent.",300.0,"&""activity"
piranha,Piranha,Restores 150 HP to one ally.,steady_hands_ii,Steady Hands II,"For 5 minutes, gives a modest increase to hook-off forgiveness and line safety.",300.0,"&""safety"
rainbow_trout,Rainbow Trout,Temporarily raises one ally's attack.,power_reel,Power Reel,"For 5 minutes, fish lose stamina faster while you reel safely.",300.0,"&""power"
salmon,Salmon,Restores 30 AP to all allies.,focus_group,Fishing Flow,"For 7 minutes, improves bite activity and specimen-quality odds.",420.0,"&""focus"
sea_bass,Sea Bass,Restores 400 HP to one ally.,steady_hands_iii,Steady Hands III,"For 5 minutes, improves hook-off forgiveness and line safety.",300.0,"&""safety"
sea_bream,Sea Bream,Restores 30 AP to one ally.,focus_iii,Fishing Focus III,"For 5 minutes, noticeably increases bite activity and specimen-quality odds.",300.0,"&""focus"
spearfish,Spearfish,Restores 1500 HP to all allies.,group_recovery_plus,Deep Recovery,"For 7 minutes, strongly improves line safety, hook security and steering control.",420.0,"&""safety"
sturgeon,Sturgeon,Revives all KO'd allies to 25% HP.,never_quit,Never Quit,"For 7 minutes, improves hook security, line safety and safe-reel exhaustion.",420.0,"&""safety"
sweetfish,Sweetfish,Restores 5 AP to one ally.,focus_i,Fishing Focus I,"For 5 minutes, slightly increases bite activity and the chance of an extra specimen-quality roll.",300.0,"&""focus"
trout,Trout,Restores 10 AP to one ally.,focus_ii,Fishing Focus II,"For 5 minutes, increases bite activity and specimen-quality odds.",300.0,"&""focus"
whale,Whale,Restores full HP and cures status for all allies.,clean_perfect_form,Perfect Clarity,"Clears harmful session effects, then grants 5 minutes of strong line safety and control.",300.0,"&""safety"
