species,species_id,tier,archetype,personality,dominant_action,average_cm,king_cm,base_stamina,king_stamina_est,base_strength,king_strength_est,rounds,move_response,release_reaction,bite_aggression,bite_window,fight_intensity,avg_pressure,king_pressure_est,avg_pull,king_pull_est,stamina_recovery
Jellyfish,jellyfish,1,STEADY,PULSE DRIFTER,ERRATIC,22.0,30.0,65.0,95.7,0.57,0.707,1,0.7,0.7,0.85,1.2,0.86,0.84,0.952,0.82,0.914,0.9
Man-o'-War,man_o_war,1,STEADY,SLOW DRIFTER,ERRATIC,22.0,30.0,65.0,95.7,0.57,0.707,1,0.72,0.75,0.88,1.18,0.88,0.86,0.975,0.84,0.936,0.92
Sweetfish,sweetfish,1,STEADY,SURFACE RISER,RISE,18.0,25.0,65.8,98.7,0.58,0.727,1,1.0,0.95,0.95,1.12,0.93,0.9,1.026,0.9,1.008,1.0
Angelfish,angelfish,2,STEADY,GRACEFUL RISER,RISE,22.0,30.0,70.1,103.2,0.6,0.745,2,0.95,0.9,0.92,1.14,0.94,0.9,1.02,0.88,0.981,0.96
Blowfish,blowfish,2,STEADY,WOBBLE FEINT,ERRATIC,37.0,50.0,73.9,107.9,0.62,0.765,2,0.88,0.9,0.9,1.12,0.92,0.92,1.04,0.9,1.001,0.95
Moorfish,moorfish,2,STEADY,NERVOUS DRIFTER,ERRATIC,22.0,30.0,69.0,101.6,0.58,0.72,1,1.0,1.0,0.96,1.08,0.96,0.94,1.066,0.92,1.026,1.0
Browntail,browntail,2,STEADY,LONG RUNNER,SIDE RUN,52.0,70.0,80.6,117.2,0.65,0.801,2,1.05,1.05,0.98,1.06,0.98,0.96,1.084,0.95,1.056,0.99
Sea Bream,sea_bream,2,STEADY,STEADY RUNNER,SIDE RUN,52.0,70.0,78.1,113.5,0.64,0.788,2,1.0,1.0,0.98,1.08,0.98,0.97,1.095,0.96,1.067,0.98
Flatfish,flatfish,3,STEADY,BOTTOM HUGGER,DIVE,37.0,50.0,83.6,122.0,0.67,0.827,3,0.8,1.0,0.94,1.08,1.0,1.04,1.176,1.04,1.157,0.92
Flying Fish,flying_fish,1,DARTING,SURFACE LAUNCHER,RISE,26.0,35.0,68.5,99.6,0.59,0.727,1,1.5,1.3,1.0,0.9,1.0,0.9,1.016,0.92,1.022,1.08
Bass,bass,2,DARTING,SIDE RUNNER,SIDE RUN,45.0,60.0,76.6,110.3,0.63,0.772,2,1.3,1.15,1.0,0.95,1.0,0.94,1.058,0.97,1.075,1.04
Blue Gill,blue_gill,2,DARTING,QUICK JINKER,ERRATIC,37.0,50.0,75.4,110.0,0.62,0.765,2,1.42,1.25,1.02,0.9,1.03,0.92,1.04,0.95,1.057,1.07
Trout,trout,2,DARTING,UPSTREAM RISER,RISE,30.0,40.0,71.4,102.8,0.6,0.735,2,1.4,1.25,1.03,0.9,1.04,0.94,1.058,0.97,1.075,1.06
Rainbow Trout,rainbow_trout,3,DARTING,ACROBATIC RISER,RISE,52.0,70.0,83.6,121.5,0.67,0.825,3,1.5,1.35,1.08,0.84,1.08,0.96,1.084,1.02,1.133,1.1
Bonito,bonito,3,DARTING,BURST RUNNER,SURGE,90.0,120.0,90.3,130.0,0.7,0.857,3,1.45,1.42,1.1,0.82,1.1,1.02,1.148,1.08,1.197,1.12
Dorado,dorado,3,DARTING,FAST RUNNER,SURGE,67.0,90.0,90.3,131.0,0.7,0.861,3,1.5,1.38,1.08,0.84,1.09,1.0,1.128,1.06,1.177,1.11
Piranha,piranha,1,AGGRESSIVE,FRENZIED NIPPER,ERRATIC,30.0,40.0,69.9,100.7,0.6,0.735,1,1.35,1.5,1.2,0.78,1.1,1.12,1.261,1.08,1.197,1.08
Black Bass,black_bass,3,AGGRESSIVE,HARD RUNNER,SIDE RUN,52.0,70.0,82.1,119.4,0.66,0.813,3,1.3,1.42,1.15,0.84,1.1,1.1,1.242,1.09,1.211,1.08
Bullcat,bullcat,3,AGGRESSIVE,BOTTOM BULLY,DIVE,60.0,80.0,87.3,125.7,0.68,0.833,3,1.05,1.35,1.1,0.9,1.08,1.14,1.283,1.11,1.23,1.0
Sea Bass,sea_bass,3,AGGRESSIVE,COASTAL RUNNER,SIDE RUN,52.0,70.0,84.9,123.4,0.67,0.825,3,1.3,1.4,1.15,0.84,1.1,1.1,1.242,1.1,1.222,1.08
Salmon,salmon,4,AGGRESSIVE,POWER SURGER,SURGE,105.0,140.0,103.5,149.0,0.76,0.931,3,1.25,1.45,1.18,0.8,1.12,1.14,1.283,1.14,1.264,1.1
Black Porgy,black_porgy,4,AGGRESSIVE,DEEP FIGHTER,DIVE,52.0,70.0,92.0,133.8,0.74,0.911,3,1.15,1.35,1.12,0.86,1.12,1.18,1.332,1.16,1.289,1.02
Spearfish,spearfish,4,AGGRESSIVE,EXPLOSIVE SURGER,SURGE,142.0,190.0,115.5,166.9,0.83,1.019,5,1.4,1.55,1.25,0.72,1.15,1.2,1.352,1.18,1.309,1.12
Angler,angler,4,HEAVY,DEEP ANCHOR,DIVE,105.0,140.0,118.0,169.9,0.84,1.029,4,0.65,1.1,0.9,1.05,1.1,1.18,1.328,1.22,1.352,0.9
Barandy,barandy,5,HEAVY,HEAVY SURGER,SURGE,150.0,200.0,128.1,184.5,0.89,1.09,4,0.6,1.2,0.95,1.0,1.15,1.22,1.374,1.26,1.397,0.9
Sturgeon,sturgeon,5,HEAVY,DEEP BULLDOZER,DIVE,165.0,220.0,133.4,192.1,0.91,1.115,4,0.55,1.2,0.9,1.05,1.12,1.25,1.407,1.28,1.419,0.88
Whale,whale,5,HEAVY,LONG POWER SURGE,SURGE,187.0,250.0,150.0,216.6,1.0,1.227,5,0.5,1.25,0.95,1.0,1.18,1.28,1.442,1.32,1.464,0.9
Martian Squid,martian_squid,3,ERRATIC,CHAOTIC DIVER,ERRATIC,52.0,70.0,83.6,121.5,0.67,0.825,3,1.6,1.45,1.08,0.75,1.08,1.02,1.152,1.04,1.156,1.08
Octopus,octopus,3,ERRATIC,DEEP TRICKSTER,ERRATIC,60.0,80.0,83.6,120.4,0.67,0.821,3,1.55,1.5,1.05,0.78,1.07,1.03,1.16,1.05,1.164,1.06
Acheron,acheron,4,ERRATIC,CHAOTIC PRESSURE,ERRATIC,37.0,50.0,97.1,141.7,0.74,0.913,4,1.7,1.55,1.15,0.7,1.12,1.1,1.244,1.12,1.246,1.1
